<?xml version="1.0" encoding="UTF-8"?>
<GenRun Id="synth_1" LaunchPart="xc7z020clg400-1" LaunchTime="1706646703">
  <File Type="RDS-PROPCONSTRS" Name="Top_Decoder_2_to_4_drc_synth.rpt"/>
  <File Type="PA-TCL" Name="Top_Decoder_2_to_4.tcl"/>
  <File Type="RDS-RDS" Name="Top_Decoder_2_to_4.vds"/>
  <File Type="RDS-UTIL" Name="Top_Decoder_2_to_4_utilization_synth.rpt"/>
  <File Type="RDS-UTIL-PB" Name="Top_Decoder_2_to_4_utilization_synth.pb"/>
  <File Type="RDS-DCP" Name="Top_Decoder_2_to_4.dcp"/>
  <File Type="VDS-TIMINGSUMMARY" Name="Top_Decoder_2_to_4_timing_summary_synth.rpt"/>
  <File Type="VDS-TIMING-PB" Name="Top_Decoder_2_to_4_timing_summary_synth.pb"/>
  <FileSet Name="sources" Type="DesignSrcs" RelSrcDir="$PSRCDIR/sources_1">
    <Filter Type="Srcs"/>
    <File Path="$PSRCDIR/sources_1/new/Decoder_2_to_4.vhd">
      <FileInfo>
        <Attr Name="UsedIn" Val="synthesis"/>
        <Attr Name="UsedIn" Val="simulation"/>
      </FileInfo>
    </File>
    <File Path="$PSRCDIR/sources_1/new/Top_Decoder_2_to_4.vhd">
      <FileInfo>
        <Attr Name="UsedIn" Val="synthesis"/>
        <Attr Name="UsedIn" Val="simulation"/>
      </FileInfo>
    </File>
    <Config>
      <Option Name="DesignMode" Val="RTL"/>
      <Option Name="TopModule" Val="Top_Decoder_2_to_4"/>
      <Option Name="TopAutoSet" Val="TRUE"/>
    </Config>
  </FileSet>
  <FileSet Name="constrs_in" Type="Constrs" RelSrcDir="$PSRCDIR/constrs_1">
    <Filter Type="Constrs"/>
    <File Path="$PSRCDIR/constrs_1/new/Zybo_board_IO_mapping.xdc">
      <FileInfo>
        <Attr Name="UsedIn" Val="synthesis"/>
        <Attr Name="UsedIn" Val="implementation"/>
      </FileInfo>
    </File>
    <Config>
      <Option Name="ConstrsType" Val="XDC"/>
    </Config>
  </FileSet>
  <Strategy Version="1" Minor="2">
    <StratHandle Name="Vivado Synthesis Defaults" Flow="Vivado Synthesis 2016">
      <Desc>Vivado Synthesis Defaults</Desc>
    </StratHandle>
    <Step Id="synth_design"/>
  </Strategy>
</GenRun>
