<?xml version="1.0" encoding="UTF-8"?>
<GenRun Id="impl_1" LaunchPart="xc7z020clg400-1" LaunchTime="1706647995">
  <File Type="PWROPT-DRC" Name="Top_counter_drc_pwropted.rpt"/>
  <File Type="OPT-METHODOLOGY-DRC" Name="Top_counter_methodology_drc_opted.rpt"/>
  <File Type="INIT-TIMING" Name="Top_counter_timing_summary_init.rpt"/>
  <File Type="ROUTE-PWR-RPX" Name="Top_counter_power_routed.rpx"/>
  <File Type="PA-TCL" Name="Top_counter.tcl"/>
  <File Type="OPT-HWDEF" Name="Top_counter.hwdef"/>
  <File Type="RDI-RDI" Name="Top_counter.vdi"/>
  <File Type="OPT-DCP" Name="Top_counter_opt.dcp"/>
  <File Type="OPT-DRC" Name="Top_counter_drc_opted.rpt"/>
  <File Type="OPT-TIMING" Name="Top_counter_timing_summary_opted.rpt"/>
  <File Type="PWROPT-DCP" Name="Top_counter_pwropt.dcp"/>
  <File Type="PWROPT-TIMING" Name="Top_counter_timing_summary_pwropted.rpt"/>
  <File Type="PLACE-DCP" Name="Top_counter_placed.dcp"/>
  <File Type="PLACE-IO" Name="Top_counter_io_placed.rpt"/>
  <File Type="PLACE-CLK" Name="Top_counter_clock_utilization_placed.rpt"/>
  <File Type="PLACE-UTIL" Name="Top_counter_utilization_placed.rpt"/>
  <File Type="PLACE-UTIL-PB" Name="Top_counter_utilization_placed.pb"/>
  <File Type="PLACE-CTRL" Name="Top_counter_control_sets_placed.rpt"/>
  <File Type="PLACE-SIMILARITY" Name="Top_counter_incremental_reuse_placed.rpt"/>
  <File Type="PLACE-PRE-SIMILARITY" Name="Top_counter_incremental_reuse_pre_placed.rpt"/>
  <File Type="PLACE-TIMING" Name="Top_counter_timing_summary_placed.rpt"/>
  <File Type="POSTPLACE-PWROPT-DCP" Name="Top_counter_postplace_pwropt.dcp"/>
  <File Type="POSTPLACE-PWROPT-TIMING" Name="Top_counter_timing_summary_postplace_pwropted.rpt"/>
  <File Type="PHYSOPT-DCP" Name="Top_counter_physopt.dcp"/>
  <File Type="PHYSOPT-DRC" Name="Top_counter_drc_physopted.rpt"/>
  <File Type="PHYSOPT-TIMING" Name="Top_counter_timing_summary_physopted.rpt"/>
  <File Type="ROUTE-ERROR-DCP" Name="Top_counter_routed_error.dcp"/>
  <File Type="ROUTE-DCP" Name="Top_counter_routed.dcp"/>
  <File Type="ROUTE-BLACKBOX-DCP" Name="Top_counter_routed_bb.dcp"/>
  <File Type="ROUTE-DRC" Name="Top_counter_drc_routed.rpt"/>
  <File Type="ROUTE-DRC-PB" Name="Top_counter_drc_routed.pb"/>
  <File Type="BG-BIN" Name="Top_counter.bin"/>
  <File Type="ROUTE-DRC-RPX" Name="Top_counter_drc_routed.rpx"/>
  <File Type="BG-DRC" Name="Top_counter.drc"/>
  <File Type="ROUTE-METHODOLOGY-DRC" Name="Top_counter_methodology_drc_routed.rpt"/>
  <File Type="BITSTR-MSK" Name="Top_counter.msk"/>
  <File Type="ROUTE-METHODOLOGY-DRC-RPX" Name="Top_counter_methodology_drc_routed.rpx"/>
  <File Type="BG-BGN" Name="Top_counter.bgn"/>
  <File Type="ROUTE-METHODOLOGY-DRC-PB" Name="Top_counter_methodology_drc_routed.pb"/>
  <File Type="ROUTE-PWR" Name="Top_counter_power_routed.rpt"/>
  <File Type="ROUTE-PWR-SUM" Name="Top_counter_power_summary_routed.pb"/>
  <File Type="ROUTE-STATUS" Name="Top_counter_route_status.rpt"/>
  <File Type="ROUTE-STATUS-PB" Name="Top_counter_route_status.pb"/>
  <File Type="ROUTE-TIMINGSUMMARY" Name="Top_counter_timing_summary_routed.rpt"/>
  <File Type="ROUTE-TIMING-PB" Name="Top_counter_timing_summary_routed.pb"/>
  <File Type="ROUTE-TIMING-RPX" Name="Top_counter_timing_summary_routed.rpx"/>
  <File Type="ROUTE-SIMILARITY" Name="Top_counter_incremental_reuse_routed.rpt"/>
  <File Type="ROUTE-CLK" Name="Top_counter_clock_utilization_routed.rpt"/>
  <File Type="POSTROUTE-PHYSOPT-DCP" Name="Top_counter_postroute_physopt.dcp"/>
  <File Type="POSTROUTE-PHYSOPT-BLACKBOX-DCP" Name="Top_counter_postroute_physopt_bb.dcp"/>
  <File Type="POSTROUTE-PHYSOPT-TIMING" Name="Top_counter_timing_summary_postroute_physopted.rpt"/>
  <File Type="POSTROUTE-PHYSOPT-TIMING-PB" Name="Top_counter_timing_summary_postroute_physopted.pb"/>
  <File Type="POSTROUTE-PHYSOPT-TIMING-RPX" Name="Top_counter_timing_summary_postroute_physopted.rpx"/>
  <File Type="BG-BIT" Name="Top_counter.bit"/>
  <File Type="BITSTR-RBT" Name="Top_counter.rbt"/>
  <File Type="BITSTR-NKY" Name="Top_counter.nky"/>
  <File Type="BITSTR-BMM" Name="Top_counter_bd.bmm"/>
  <File Type="BITSTR-MMI" Name="Top_counter.mmi"/>
  <File Type="BITSTR-SYSDEF" Name="Top_counter.sysdef"/>
  <File Type="WBT-USG" Name="usage_statistics_webtalk.html"/>
  <FileSet Name="sources" Type="DesignSrcs" RelSrcDir="$PSRCDIR/sources_1">
    <Filter Type="Srcs"/>
    <File Path="$PSRCDIR/sources_1/new/Counter_design1.vhd">
      <FileInfo>
        <Attr Name="UsedIn" Val="synthesis"/>
        <Attr Name="UsedIn" Val="simulation"/>
      </FileInfo>
    </File>
    <File Path="$PSRCDIR/sources_1/new/Top_counter.vhd">
      <FileInfo>
        <Attr Name="UsedIn" Val="synthesis"/>
        <Attr Name="UsedIn" Val="simulation"/>
      </FileInfo>
    </File>
    <File Path="$PSRCDIR/sources_1/new/Counter_design2.vhd">
      <FileInfo>
        <Attr Name="AutoDisabled" Val="1"/>
        <Attr Name="UsedIn" Val="synthesis"/>
        <Attr Name="UsedIn" Val="simulation"/>
      </FileInfo>
    </File>
    <Config>
      <Option Name="DesignMode" Val="RTL"/>
      <Option Name="TopModule" Val="Top_counter"/>
    </Config>
  </FileSet>
  <FileSet Name="constrs_in" Type="Constrs" RelSrcDir="$PSRCDIR/constrs_1">
    <Filter Type="Constrs"/>
    <File Path="$PSRCDIR/constrs_1/new/Zybo_board_IO_mapping.xdc">
      <FileInfo>
        <Attr Name="UsedIn" Val="synthesis"/>
        <Attr Name="UsedIn" Val="implementation"/>
      </FileInfo>
    </File>
    <Config>
      <Option Name="ConstrsType" Val="XDC"/>
    </Config>
  </FileSet>
  <Strategy Version="1" Minor="2">
    <StratHandle Name="Vivado Implementation Defaults" Flow="Vivado Implementation 2016">
      <Desc>Default settings for Implementation.</Desc>
    </StratHandle>
    <Step Id="init_design"/>
    <Step Id="opt_design"/>
    <Step Id="power_opt_design"/>
    <Step Id="place_design"/>
    <Step Id="post_place_power_opt_design"/>
    <Step Id="phys_opt_design"/>
    <Step Id="route_design"/>
    <Step Id="post_route_phys_opt_design"/>
    <Step Id="write_bitstream"/>
  </Strategy>
</GenRun>
