<?xml version="1.0" encoding="UTF-8"?>
<GenRun Id="impl_1" LaunchPart="xc7z020clg400-1" LaunchTime="1705441493">
  <File Type="PWROPT-DRC" Name="LogicGates_drc_pwropted.rpt"/>
  <File Type="OPT-METHODOLOGY-DRC" Name="LogicGates_methodology_drc_opted.rpt"/>
  <File Type="INIT-TIMING" Name="LogicGates_timing_summary_init.rpt"/>
  <File Type="ROUTE-PWR-RPX" Name="LogicGates_power_routed.rpx"/>
  <File Type="PA-TCL" Name="LogicGates.tcl"/>
  <File Type="OPT-HWDEF" Name="LogicGates.hwdef"/>
  <File Type="RDI-RDI" Name="LogicGates.vdi"/>
  <File Type="OPT-DCP" Name="LogicGates_opt.dcp"/>
  <File Type="OPT-DRC" Name="LogicGates_drc_opted.rpt"/>
  <File Type="OPT-TIMING" Name="LogicGates_timing_summary_opted.rpt"/>
  <File Type="PWROPT-DCP" Name="LogicGates_pwropt.dcp"/>
  <File Type="PWROPT-TIMING" Name="LogicGates_timing_summary_pwropted.rpt"/>
  <File Type="PLACE-DCP" Name="LogicGates_placed.dcp"/>
  <File Type="PLACE-IO" Name="LogicGates_io_placed.rpt"/>
  <File Type="PLACE-CLK" Name="LogicGates_clock_utilization_placed.rpt"/>
  <File Type="PLACE-UTIL" Name="LogicGates_utilization_placed.rpt"/>
  <File Type="PLACE-UTIL-PB" Name="LogicGates_utilization_placed.pb"/>
  <File Type="PLACE-CTRL" Name="LogicGates_control_sets_placed.rpt"/>
  <File Type="PLACE-SIMILARITY" Name="LogicGates_incremental_reuse_placed.rpt"/>
  <File Type="PLACE-PRE-SIMILARITY" Name="LogicGates_incremental_reuse_pre_placed.rpt"/>
  <File Type="PLACE-TIMING" Name="LogicGates_timing_summary_placed.rpt"/>
  <File Type="POSTPLACE-PWROPT-DCP" Name="LogicGates_postplace_pwropt.dcp"/>
  <File Type="POSTPLACE-PWROPT-TIMING" Name="LogicGates_timing_summary_postplace_pwropted.rpt"/>
  <File Type="PHYSOPT-DCP" Name="LogicGates_physopt.dcp"/>
  <File Type="PHYSOPT-DRC" Name="LogicGates_drc_physopted.rpt"/>
  <File Type="PHYSOPT-TIMING" Name="LogicGates_timing_summary_physopted.rpt"/>
  <File Type="ROUTE-ERROR-DCP" Name="LogicGates_routed_error.dcp"/>
  <File Type="ROUTE-DCP" Name="LogicGates_routed.dcp"/>
  <File Type="ROUTE-BLACKBOX-DCP" Name="LogicGates_routed_bb.dcp"/>
  <File Type="ROUTE-DRC" Name="LogicGates_drc_routed.rpt"/>
  <File Type="ROUTE-DRC-PB" Name="LogicGates_drc_routed.pb"/>
  <File Type="BG-BIN" Name="LogicGates.bin"/>
  <File Type="ROUTE-DRC-RPX" Name="LogicGates_drc_routed.rpx"/>
  <File Type="BG-DRC" Name="LogicGates.drc"/>
  <File Type="ROUTE-METHODOLOGY-DRC" Name="LogicGates_methodology_drc_routed.rpt"/>
  <File Type="BITSTR-MSK" Name="LogicGates.msk"/>
  <File Type="ROUTE-METHODOLOGY-DRC-RPX" Name="LogicGates_methodology_drc_routed.rpx"/>
  <File Type="BG-BGN" Name="LogicGates.bgn"/>
  <File Type="ROUTE-METHODOLOGY-DRC-PB" Name="LogicGates_methodology_drc_routed.pb"/>
  <File Type="ROUTE-PWR" Name="LogicGates_power_routed.rpt"/>
  <File Type="ROUTE-PWR-SUM" Name="LogicGates_power_summary_routed.pb"/>
  <File Type="ROUTE-STATUS" Name="LogicGates_route_status.rpt"/>
  <File Type="ROUTE-STATUS-PB" Name="LogicGates_route_status.pb"/>
  <File Type="ROUTE-TIMINGSUMMARY" Name="LogicGates_timing_summary_routed.rpt"/>
  <File Type="ROUTE-TIMING-PB" Name="LogicGates_timing_summary_routed.pb"/>
  <File Type="ROUTE-TIMING-RPX" Name="LogicGates_timing_summary_routed.rpx"/>
  <File Type="ROUTE-SIMILARITY" Name="LogicGates_incremental_reuse_routed.rpt"/>
  <File Type="ROUTE-CLK" Name="LogicGates_clock_utilization_routed.rpt"/>
  <File Type="POSTROUTE-PHYSOPT-DCP" Name="LogicGates_postroute_physopt.dcp"/>
  <File Type="POSTROUTE-PHYSOPT-BLACKBOX-DCP" Name="LogicGates_postroute_physopt_bb.dcp"/>
  <File Type="POSTROUTE-PHYSOPT-TIMING" Name="LogicGates_timing_summary_postroute_physopted.rpt"/>
  <File Type="POSTROUTE-PHYSOPT-TIMING-PB" Name="LogicGates_timing_summary_postroute_physopted.pb"/>
  <File Type="POSTROUTE-PHYSOPT-TIMING-RPX" Name="LogicGates_timing_summary_postroute_physopted.rpx"/>
  <File Type="BG-BIT" Name="LogicGates.bit"/>
  <File Type="BITSTR-RBT" Name="LogicGates.rbt"/>
  <File Type="BITSTR-NKY" Name="LogicGates.nky"/>
  <File Type="BITSTR-BMM" Name="LogicGates_bd.bmm"/>
  <File Type="BITSTR-MMI" Name="LogicGates.mmi"/>
  <File Type="BITSTR-SYSDEF" Name="LogicGates.sysdef"/>
  <File Type="WBT-USG" Name="usage_statistics_webtalk.html"/>
  <FileSet Name="sources" Type="DesignSrcs" RelSrcDir="$PSRCDIR/sources_1">
    <Filter Type="Srcs"/>
    <File Path="$PSRCDIR/sources_1/new/LogicGates.vhd">
      <FileInfo>
        <Attr Name="UsedIn" Val="synthesis"/>
        <Attr Name="UsedIn" Val="simulation"/>
      </FileInfo>
    </File>
    <File Path="$PSRCDIR/sources_1/new/Top_LogicGates.vhd">
      <FileInfo>
        <Attr Name="AutoDisabled" Val="1"/>
        <Attr Name="UsedIn" Val="synthesis"/>
        <Attr Name="UsedIn" Val="simulation"/>
      </FileInfo>
    </File>
    <Config>
      <Option Name="DesignMode" Val="RTL"/>
      <Option Name="TopModule" Val="LogicGates"/>
    </Config>
  </FileSet>
  <FileSet Name="constrs_in" Type="Constrs" RelSrcDir="$PSRCDIR/constrs_1">
    <Filter Type="Constrs"/>
    <File Path="$PSRCDIR/constrs_1/new/Zybo_board_IO_mapping.xdc">
      <FileInfo>
        <Attr Name="UsedIn" Val="synthesis"/>
        <Attr Name="UsedIn" Val="implementation"/>
      </FileInfo>
    </File>
    <Config>
      <Option Name="ConstrsType" Val="XDC"/>
    </Config>
  </FileSet>
  <Strategy Version="1" Minor="2">
    <StratHandle Name="Vivado Implementation Defaults" Flow="Vivado Implementation 2016">
      <Desc>Default settings for Implementation.</Desc>
    </StratHandle>
    <Step Id="init_design"/>
    <Step Id="opt_design"/>
    <Step Id="power_opt_design"/>
    <Step Id="place_design"/>
    <Step Id="post_place_power_opt_design"/>
    <Step Id="phys_opt_design"/>
    <Step Id="route_design"/>
    <Step Id="post_route_phys_opt_design"/>
    <Step Id="write_bitstream"/>
  </Strategy>
</GenRun>
